date,AGG,COM,CSH,EEM,GLD,IEF,LOV,SNP
2020-01-02,0.0,0.0,1.0,0.0,0.0,0.0,0.0,0.0
2020-01-03,0.16154541075229645,0.16154541075229645,0.16154541075229645,0.05942923203110695,0.07341443747282028,0.16154541075229645,0.16154541075229645,0.05942923203110695
2020-01-06,0.18276464939117432,0.06723535060882568,0.18276464939117432,0.06723535060882568,0.06723535060882568,0.18276464939117432,0.06723535060882568,0.18276464939117432
2020-01-07,0.1914377063512802,0.07042599469423294,0.1439829170703888,0.07042599469423294,0.07042599469423294,0.1914377063512802,0.07042599469423294,0.1914377063512802
2020-01-08,0.18276464939117432,0.06723535060882568,0.18276464939117432,0.06723535060882568,0.06723535060882568,0.18276464939117432,0.06723535060882568,0.18276464939117432
2020-01-09,0.19471682608127594,0.07163231074810028,0.19471682608127594,0.07163231074810028,0.07163231074810028,0.19471682608127594,0.07163231074810028,0.12932029366493225
2020-01-10,0.18276464939117432,0.06723535060882568,0.18276464939117432,0.06723535060882568,0.06723535060882568,0.18276464939117432,0.18276464939117432,0.06723535060882568
2020-01-13,0.2059684693813324,0.07577155530452728,0.2059684693813324,0.07577155530452728,0.07577155530452728,0.2059684693813324,0.07577155530452728,0.07900837808847427
2020-01-14,0.18276464939117432,0.06723535060882568,0.18276464939117432,0.06723535060882568,0.06723535060882568,0.18276464939117432,0.18276464939117432,0.06723535060882568
2020-01-15,0.18276464939117432,0.06723535060882568,0.18276464939117432,0.06723535060882568,0.06723535060882568,0.18276464939117432,0.18276464939117432,0.06723535060882568
2020-01-16,0.18276464939117432,0.06723535060882568,0.18276464939117432,0.06723535060882568,0.06723535060882568,0.18276464939117432,0.18276464939117432,0.06723535060882568
2020-01-17,0.18276464939117432,0.06723535060882568,0.18276464939117432,0.06723535060882568,0.06723535060882568,0.18276464939117432,0.18276464939117432,0.06723535060882568
2020-01-21,0.18276464939117432,0.06723535060882568,0.18276464939117432,0.06723535060882568,0.06723535060882568,0.18276464939117432,0.18276464939117432,0.06723535060882568
2020-01-22,0.17567895352840424,0.06462866812944412,0.17567895352840424,0.06462866812944412,0.06462866812944412,0.17567895352840424,0.17567895352840424,0.1033981516957283
2020-01-23,0.18007516860961914,0.06624595075845718,0.18007516860961914,0.06624595075845718,0.06624595075845718,0.18007516860961914,0.18007516860961914,0.08096151053905487
2020-01-24,0.17937876284122467,0.06598975509405136,0.17937876284122467,0.06598975509405136,0.06598975509405136,0.17937876284122467,0.17937876284122467,0.08451571315526962
2020-01-27,0.18276464939117432,0.06723535060882568,0.18276464939117432,0.06723535060882568,0.06723535060882568,0.18276464939117432,0.18276464939117432,0.06723535060882568
2020-01-28,0.18276464939117432,0.06723535060882568,0.18276464939117432,0.06723535060882568,0.06723535060882568,0.18276464939117432,0.18276464939117432,0.06723535060882568
2020-01-29,0.18276464939117432,0.06723535060882568,0.18276464939117432,0.06723535060882568,0.06723535060882568,0.18276464939117432,0.18276464939117432,0.06723535060882568
2020-01-30,0.18276464939117432,0.06723535060882568,0.18276464939117432,0.06723535060882568,0.06723535060882568,0.18276464939117432,0.18276464939117432,0.06723535060882568
2020-01-31,0.18276464939117432,0.06723535060882568,0.18276464939117432,0.06723535060882568,0.06723535060882568,0.18276464939117432,0.18276464939117432,0.06723535060882568
2020-02-03,0.10123547911643982,0.10123547911643982,0.10123547911643982,0.10123547911643982,0.10123547911643982,0.11740057915449142,0.10123547911643982,0.27518656849861145
2020-02-04,0.16383671760559082,0.060272153466939926,0.16383671760559082,0.060272153466939926,0.16383671760559082,0.16383671760559082,0.16383671760559082,0.060272153466939926
2020-02-05,0.16383671760559082,0.060272153466939926,0.16383671760559082,0.060272153466939926,0.16383671760559082,0.16383671760559082,0.16383671760559082,0.060272153466939926
2020-02-06,0.16383671760559082,0.060272153466939926,0.16383671760559082,0.060272153466939926,0.16383671760559082,0.16383671760559082,0.16383671760559082,0.060272153466939926
2020-02-07,0.16383671760559082,0.060272153466939926,0.16383671760559082,0.060272153466939926,0.16383671760559082,0.16383671760559082,0.16383671760559082,0.060272153466939926
2020-02-10,0.16383671760559082,0.060272153466939926,0.16383671760559082,0.060272153466939926,0.16383671760559082,0.16383671760559082,0.16383671760559082,0.060272153466939926
2020-02-11,0.16383671760559082,0.060272153466939926,0.16383671760559082,0.060272153466939926,0.16383671760559082,0.16383671760559082,0.16383671760559082,0.060272153466939926
2020-02-12,0.16383671760559082,0.060272153466939926,0.16383671760559082,0.060272153466939926,0.16383671760559082,0.16383671760559082,0.16383671760559082,0.060272153466939926
2020-02-13,0.16383671760559082,0.060272153466939926,0.16383671760559082,0.060272153466939926,0.16383671760559082,0.16383671760559082,0.16383671760559082,0.060272153466939926
2020-02-14,0.16383671760559082,0.060272153466939926,0.16383671760559082,0.060272153466939926,0.16383671760559082,0.16383671760559082,0.16383671760559082,0.060272153466939926
2020-02-18,0.16383671760559082,0.060272153466939926,0.16383671760559082,0.060272153466939926,0.16383671760559082,0.16383671760559082,0.16383671760559082,0.060272153466939926
2020-02-19,0.16383671760559082,0.060272153466939926,0.16383671760559082,0.060272153466939926,0.16383671760559082,0.16383671760559082,0.16383671760559082,0.060272153466939926
2020-02-20,0.16383671760559082,0.060272153466939926,0.16383671760559082,0.060272153466939926,0.16383671760559082,0.16383671760559082,0.16383671760559082,0.060272153466939926
2020-02-21,0.16383671760559082,0.060272153466939926,0.16383671760559082,0.060272153466939926,0.16383671760559082,0.16383671760559082,0.16383671760559082,0.060272153466939926
2020-02-24,0.16383671760559082,0.060272153466939926,0.16383671760559082,0.060272153466939926,0.16383671760559082,0.16383671760559082,0.16383671760559082,0.060272153466939926
2020-02-25,0.16383671760559082,0.060272153466939926,0.16383671760559082,0.060272153466939926,0.16383671760559082,0.16383671760559082,0.16383671760559082,0.060272153466939926
2020-02-26,0.16383671760559082,0.060272153466939926,0.16383671760559082,0.060272153466939926,0.16383671760559082,0.16383671760559082,0.16383671760559082,0.060272153466939926
2020-02-27,0.18276464939117432,0.06723535060882568,0.18276464939117432,0.06723535060882568,0.06723535060882568,0.18276464939117432,0.18276464939117432,0.06723535060882568
2020-02-28,0.08743885159492493,0.08743885159492493,0.08743885159492493,0.2376834601163864,0.08743885159492493,0.08743885159492493,0.08743885159492493,0.2376834601163864
2020-03-02,0.08743885159492493,0.08743885159492493,0.08743885159492493,0.2376834601163864,0.08743885159492493,0.08743885159492493,0.08743885159492493,0.2376834601163864
2020-03-03,0.10289885103702545,0.10289885103702545,0.10289885103702545,0.10289885103702545,0.2797080874443054,0.10289885103702545,0.10289885103702545,0.10289885103702545
2020-03-04,0.07601761072874069,0.07601761072874069,0.07601761072874069,0.20663730800151825,0.20663730800151825,0.07601761072874069,0.07601761072874069,0.20663730800151825
2020-03-05,0.09418245404958725,0.09418245404958725,0.09418245404958725,0.17889079451560974,0.25601446628570557,0.09418245404958725,0.09418245404958725,0.09418245404958725
2020-03-06,0.09055574983358383,0.09055574983358383,0.09055574983358383,0.21050941944122314,0.24615606665611267,0.09055574983358383,0.09055574983358383,0.09055574983358383
2020-03-09,0.0886293426156044,0.0886293426156044,0.0886293426156044,0.22551976144313812,0.2409195452928543,0.0886293426156044,0.0886293426156044,0.09041394293308258
2020-03-10,0.08743885159492493,0.08743885159492493,0.08743885159492493,0.2376834601163864,0.08743885159492493,0.08743885159492493,0.08743885159492493,0.2376834601163864
2020-03-11,0.08743885159492493,0.08743885159492493,0.08743885159492493,0.2376834601163864,0.08743885159492493,0.08743885159492493,0.08743885159492493,0.2376834601163864
2020-03-12,0.08743885159492493,0.08743885159492493,0.08743885159492493,0.2376834601163864,0.08743885159492493,0.08743885159492493,0.08743885159492493,0.2376834601163864
2020-03-13,0.09196367114782333,0.09196367114782333,0.09196367114782333,0.24998317658901215,0.09196367114782333,0.09196367114782333,0.09196367114782333,0.19823481142520905
2020-03-16,0.08743885159492493,0.08743885159492493,0.08743885159492493,0.2376834601163864,0.08743885159492493,0.08743885159492493,0.08743885159492493,0.2376834601163864
2020-03-17,0.10131386667490005,0.10131386667490005,0.10131386667490005,0.27539965510368347,0.10131386667490005,0.10131386667490005,0.10131386667490005,0.1167171522974968
2020-03-18,0.10060642659664154,0.10060642659664154,0.10060642659664154,0.27347663044929504,0.10060642659664154,0.10060642659664154,0.10060642659664154,0.12288481742143631
2020-03-19,0.10289885103702545,0.10289885103702545,0.10289885103702545,0.2797080874443054,0.10289885103702545,0.10289885103702545,0.10289885103702545,0.10289885103702545
2020-03-20,0.10289885103702545,0.10289885103702545,0.10289885103702545,0.2797080874443054,0.10289885103702545,0.10289885103702545,0.10289885103702545,0.10289885103702545
2020-03-23,0.10122913122177124,0.10122913122177124,0.10122913122177124,0.27516934275627136,0.11745592206716537,0.10122913122177124,0.10122913122177124,0.10122913122177124
2020-03-24,0.09110979735851288,0.09110979735851288,0.09110979735851288,0.20567914843559265,0.24766211211681366,0.09110979735851288,0.09110979735851288,0.09110979735851288
2020-03-25,0.08803413808345795,0.08803413808345795,0.08803413808345795,0.23249363899230957,0.23930160701274872,0.08803413808345795,0.08803413808345795,0.08803413808345795
2020-03-26,0.08743885159492493,0.08743885159492493,0.08743885159492493,0.2376834601163864,0.2376834601163864,0.08743885159492493,0.08743885159492493,0.08743885159492493
2020-03-27,0.08743885159492493,0.08743885159492493,0.08743885159492493,0.2376834601163864,0.08743885159492493,0.08743885159492493,0.08743885159492493,0.2376834601163864
2020-03-30,0.08743885159492493,0.08743885159492493,0.08743885159492493,0.2376834601163864,0.08743885159492493,0.08743885159492493,0.08743885159492493,0.2376834601163864
2020-03-31,0.08743885159492493,0.08743885159492493,0.08743885159492493,0.2376834601163864,0.08743885159492493,0.08743885159492493,0.08743885159492493,0.2376834601163864
2020-04-01,0.08743885159492493,0.08743885159492493,0.08743885159492493,0.2376834601163864,0.08743885159492493,0.08743885159492493,0.08743885159492493,0.2376834601163864
2020-04-02,0.08743885159492493,0.08743885159492493,0.08743885159492493,0.2376834601163864,0.08743885159492493,0.08743885159492493,0.08743885159492493,0.2376834601163864
2020-04-03,0.08743885159492493,0.08743885159492493,0.08743885159492493,0.2376834601163864,0.08743885159492493,0.08743885159492493,0.08743885159492493,0.2376834601163864
2020-04-06,0.08743885159492493,0.08743885159492493,0.08743885159492493,0.2376834601163864,0.08743885159492493,0.08743885159492493,0.08743885159492493,0.2376834601163864
2020-04-07,0.08743885159492493,0.08743885159492493,0.08743885159492493,0.2376834601163864,0.08743885159492493,0.08743885159492493,0.08743885159492493,0.2376834601163864
2020-04-08,0.08743885159492493,0.08743885159492493,0.08743885159492493,0.2376834601163864,0.08743885159492493,0.08743885159492493,0.08743885159492493,0.2376834601163864
2020-04-09,0.08743885159492493,0.08743885159492493,0.08743885159492493,0.2376834601163864,0.08743885159492493,0.08743885159492493,0.08743885159492493,0.2376834601163864
2020-04-13,0.08743885159492493,0.08743885159492493,0.08743885159492493,0.08743885159492493,0.2376834601163864,0.2376834601163864,0.08743885159492493,0.08743885159492493
2020-04-14,0.18276464939117432,0.06723535060882568,0.18276464939117432,0.06723535060882568,0.06723535060882568,0.18276464939117432,0.18276464939117432,0.06723535060882568
2020-04-15,0.18276464939117432,0.06723535060882568,0.18276464939117432,0.06723535060882568,0.06723535060882568,0.18276464939117432,0.18276464939117432,0.06723535060882568
2020-04-16,0.16383671760559082,0.060272153466939926,0.16383671760559082,0.060272153466939926,0.16383671760559082,0.16383671760559082,0.16383671760559082,0.060272153466939926
2020-04-17,0.16383671760559082,0.060272153466939926,0.16383671760559082,0.060272153466939926,0.16383671760559082,0.16383671760559082,0.16383671760559082,0.060272153466939926
2020-04-20,0.16383671760559082,0.060272153466939926,0.16383671760559082,0.060272153466939926,0.16383671760559082,0.16383671760559082,0.16383671760559082,0.060272153466939926
2020-04-21,0.16383671760559082,0.060272153466939926,0.16383671760559082,0.060272153466939926,0.16383671760559082,0.16383671760559082,0.16383671760559082,0.060272153466939926
2020-04-22,0.16383671760559082,0.060272153466939926,0.16383671760559082,0.060272153466939926,0.16383671760559082,0.16383671760559082,0.16383671760559082,0.060272153466939926
2020-04-23,0.16383671760559082,0.060272153466939926,0.16383671760559082,0.060272153466939926,0.16383671760559082,0.16383671760559082,0.16383671760559082,0.060272153466939926
2020-04-24,0.16383671760559082,0.060272153466939926,0.16383671760559082,0.060272153466939926,0.16383671760559082,0.16383671760559082,0.16383671760559082,0.060272153466939926
2020-04-27,0.16383671760559082,0.060272153466939926,0.16383671760559082,0.060272153466939926,0.16383671760559082,0.16383671760559082,0.16383671760559082,0.060272153466939926
2020-04-28,0.16383671760559082,0.060272153466939926,0.16383671760559082,0.060272153466939926,0.16383671760559082,0.16383671760559082,0.16383671760559082,0.060272153466939926
2020-04-29,0.16383671760559082,0.060272153466939926,0.16383671760559082,0.060272153466939926,0.16383671760559082,0.16383671760559082,0.16383671760559082,0.060272153466939926
2020-04-30,0.16383671760559082,0.060272153466939926,0.16383671760559082,0.060272153466939926,0.16383671760559082,0.16383671760559082,0.16383671760559082,0.060272153466939926
2020-05-01,0.17678514122962952,0.0650356188416481,0.17678514122962952,0.0650356188416481,0.09775261580944061,0.17678514122962952,0.17678514122962952,0.0650356188416481
2020-05-04,0.19489112496376038,0.071696437895298,0.12854090332984924,0.071696437895298,0.071696437895298,0.19489112496376038,0.19489112496376038,0.071696437895298
2020-05-05,0.23410537838935852,0.0861225500702858,0.0861225500702858,0.0861225500702858,0.0861225500702858,0.23410537838935852,0.0861225500702858,0.10117649286985397
2020-05-06,0.08743885159492493,0.08743885159492493,0.08743885159492493,0.08743885159492493,0.08743885159492493,0.2376834601163864,0.08743885159492493,0.2376834601163864
2020-05-07,0.08743885159492493,0.08743885159492493,0.08743885159492493,0.08743885159492493,0.08743885159492493,0.2376834601163864,0.08743885159492493,0.2376834601163864
2020-05-08,0.08743885159492493,0.08743885159492493,0.08743885159492493,0.08743885159492493,0.08743885159492493,0.2376834601163864,0.08743885159492493,0.2376834601163864
2020-05-11,0.09321555495262146,0.08688534796237946,0.08688534796237946,0.08688534796237946,0.08688534796237946,0.23617887496948242,0.08688534796237946,0.23617887496948242
2020-05-12,0.18986353278160095,0.06984689086675644,0.15102185308933258,0.06984689086675644,0.06984689086675644,0.18986353278160095,0.18986353278160095,0.06984689086675644
2020-05-13,0.21552424132823944,0.07928693294525146,0.07928693294525146,0.07928693294525146,0.07928693294525146,0.21552424132823944,0.07928693294525146,0.17251688241958618
2020-05-14,0.08916372060775757,0.08916372060775757,0.08916372060775757,0.08916372060775757,0.08916372060775757,0.24237214028835297,0.08916372060775757,0.22264549136161804
2020-05-15,0.18276464939117432,0.06723535060882568,0.06723535060882568,0.06723535060882568,0.18276464939117432,0.18276464939117432,0.18276464939117432,0.06723535060882568
2020-05-18,0.16383671760559082,0.060272153466939926,0.16383671760559082,0.060272153466939926,0.16383671760559082,0.16383671760559082,0.16383671760559082,0.060272153466939926
2020-05-19,0.07601761072874069,0.07601761072874069,0.07601761072874069,0.07601761072874069,0.20663730800151825,0.20663730800151825,0.20663730800151825,0.07601761072874069
2020-05-20,0.09270430356264114,0.09270430356264114,0.09270430356264114,0.09270430356264114,0.1692407727241516,0.2519964575767517,0.11524130403995514,0.09270430356264114
2020-05-21,0.08972305804491043,0.08972305804491043,0.08972305804491043,0.08972305804491043,0.1778215914964676,0.2438925802707672,0.12967059016227722,0.08972305804491043
2020-05-22,0.09143798798322678,0.09143798798322678,0.09143798798322678,0.09143798798322678,0.09143798798322678,0.24855422973632812,0.09143798798322678,0.20281784236431122
2020-05-26,0.08743885159492493,0.08743885159492493,0.08743885159492493,0.08743885159492493,0.08743885159492493,0.2376834601163864,0.08743885159492493,0.2376834601163864
2020-05-27,0.08743885159492493,0.08743885159492493,0.08743885159492493,0.08743885159492493,0.08743885159492493,0.2376834601163864,0.08743885159492493,0.2376834601163864
2020-05-28,0.18276464939117432,0.06723535060882568,0.18276464939117432,0.06723535060882568,0.06723535060882568,0.18276464939117432,0.18276464939117432,0.06723535060882568
2020-05-29,0.18276464939117432,0.06723535060882568,0.18276464939117432,0.06723535060882568,0.06723535060882568,0.18276464939117432,0.18276464939117432,0.06723535060882568
2020-06-01,0.18276464939117432,0.06723535060882568,0.18276464939117432,0.06723535060882568,0.06723535060882568,0.18276464939117432,0.18276464939117432,0.06723535060882568
2020-06-02,0.17935532331466675,0.06598113477230072,0.17935532331466675,0.06598113477230072,0.08463528007268906,0.17935532331466675,0.17935532331466675,0.06598113477230072
2020-06-03,0.17757757008075714,0.06532713025808334,0.17757757008075714,0.06532713025808334,0.09370837360620499,0.17757757008075714,0.17757757008075714,0.06532713025808334
2020-06-04,0.18276464939117432,0.06723535060882568,0.18276464939117432,0.06723535060882568,0.06723535060882568,0.18276464939117432,0.18276464939117432,0.06723535060882568
2020-06-05,0.18276464939117432,0.06723535060882568,0.18276464939117432,0.06723535060882568,0.06723535060882568,0.18276464939117432,0.18276464939117432,0.06723535060882568
2020-06-08,0.18276464939117432,0.06723535060882568,0.18276464939117432,0.06723535060882568,0.06723535060882568,0.18276464939117432,0.18276464939117432,0.06723535060882568
2020-06-09,0.18276464939117432,0.06723535060882568,0.18276464939117432,0.06723535060882568,0.06723535060882568,0.18276464939117432,0.18276464939117432,0.06723535060882568
2020-06-10,0.18121746182441711,0.0751316174864769,0.18121746182441711,0.06666617840528488,0.06666617840528488,0.18121746182441711,0.18121746182441711,0.06666617840528488
2020-06-11,0.18154752254486084,0.07344705611467361,0.18154752254486084,0.06678760051727295,0.06678760051727295,0.18154752254486084,0.18154752254486084,0.06678760051727295
2020-06-12,0.18276464939117432,0.06723535060882568,0.18276464939117432,0.06723535060882568,0.06723535060882568,0.18276464939117432,0.18276464939117432,0.06723535060882568
2020-06-15,0.18069325387477875,0.0664733350276947,0.18069325387477875,0.0664733350276947,0.0778070017695427,0.18069325387477875,0.18069325387477875,0.0664733350276947
2020-06-16,0.18237332999706268,0.06709139794111252,0.18237332999706268,0.06709139794111252,0.0692325308918953,0.18237332999706268,0.18237332999706268,0.06709139794111252
2020-06-17,0.18276464939117432,0.06723535060882568,0.18276464939117432,0.06723535060882568,0.06723535060882568,0.18276464939117432,0.18276464939117432,0.06723535060882568
2020-06-18,0.18276464939117432,0.06723535060882568,0.18276464939117432,0.06723535060882568,0.06723535060882568,0.18276464939117432,0.18276464939117432,0.06723535060882568
2020-06-19,0.18276464939117432,0.06723535060882568,0.18276464939117432,0.06723535060882568,0.06723535060882568,0.18276464939117432,0.18276464939117432,0.06723535060882568
2020-06-22,0.22286447882652283,0.08198725432157516,0.08198725432157516,0.08198725432157516,0.08198725432157516,0.22286447882652283,0.08198725432157516,0.14433477818965912
2020-06-23,0.1209789589047432,0.10082503408193588,0.10082503408193588,0.10082503408193588,0.10082503408193588,0.2740708589553833,0.10082503408193588,0.10082503408193588
2020-06-24,0.08858749270439148,0.08557014167308807,0.08557014167308807,0.08557014167308807,0.16928796470165253,0.2326037734746933,0.1672401875257492,0.08557014167308807
2020-06-25,0.09063170105218887,0.09063170105218887,0.09063170105218887,0.09063170105218887,0.1757538914680481,0.24636252224445343,0.12472506612539291,0.09063170105218887
2020-06-26,0.18276464939117432,0.06723535060882568,0.06723535060882568,0.06723535060882568,0.18276464939117432,0.18276464939117432,0.18276464939117432,0.06723535060882568
2020-06-29,0.18276464939117432,0.06723535060882568,0.06723535060882568,0.06723535060882568,0.18276464939117432,0.18276464939117432,0.18276464939117432,0.06723535060882568
2020-06-30,0.1805637925863266,0.06642570346593857,0.07846774160861969,0.06642570346593857,0.1805637925863266,0.1805637925863266,0.1805637925863266,0.06642570346593857
2020-07-01,0.18042431771755219,0.06637439131736755,0.07917957752943039,0.06637439131736755,0.18042431771755219,0.18042431771755219,0.18042431771755219,0.06637439131736755
2020-07-02,0.18060362339019775,0.06644035875797272,0.07826440781354904,0.06644035875797272,0.18060362339019775,0.18060362339019775,0.18060362339019775,0.06644035875797272
2020-07-06,0.18276464939117432,0.06723535060882568,0.06723535060882568,0.06723535060882568,0.18276464939117432,0.18276464939117432,0.18276464939117432,0.06723535060882568
2020-07-07,0.18276464939117432,0.06723535060882568,0.06723535060882568,0.06723535060882568,0.18276464939117432,0.18276464939117432,0.18276464939117432,0.06723535060882568
2020-07-08,0.18276464939117432,0.06723535060882568,0.06723535060882568,0.06723535060882568,0.18276464939117432,0.18276464939117432,0.18276464939117432,0.06723535060882568
2020-07-09,0.18276464939117432,0.06723535060882568,0.06723535060882568,0.06723535060882568,0.18276464939117432,0.18276464939117432,0.18276464939117432,0.06723535060882568
2020-07-10,0.18276464939117432,0.06723535060882568,0.06723535060882568,0.06723535060882568,0.18276464939117432,0.18276464939117432,0.18276464939117432,0.06723535060882568
2020-07-13,0.18276464939117432,0.06723535060882568,0.06723535060882568,0.06723535060882568,0.18276464939117432,0.18276464939117432,0.18276464939117432,0.06723535060882568
2020-07-14,0.18276464939117432,0.06723535060882568,0.06723535060882568,0.06723535060882568,0.18276464939117432,0.18276464939117432,0.18276464939117432,0.06723535060882568
2020-07-15,0.1292809545993805,0.07163554430007935,0.07163554430007935,0.07163554430007935,0.19472560286521912,0.19472560286521912,0.19472560286521912,0.07163554430007935
2020-07-16,0.07601761072874069,0.07601761072874069,0.07601761072874069,0.07601761072874069,0.20663730800151825,0.20663730800151825,0.20663730800151825,0.07601761072874069
2020-07-17,0.08849804848432541,0.08849804848432541,0.08849804848432541,0.08849804848432541,0.1811494380235672,0.24056264758110046,0.13579773902893066,0.08849804848432541
2020-07-20,0.08786968141794205,0.08786968141794205,0.08786968141794205,0.08786968141794205,0.18260498344898224,0.2388545721769333,0.13919198513031006,0.08786968141794205
2020-07-21,0.08240288496017456,0.08240288496017456,0.08240288496017456,0.08240288496017456,0.19390657544136047,0.22399428486824036,0.17008468508720398,0.08240288496017456
2020-07-22,0.07601761072874069,0.07601761072874069,0.07601761072874069,0.07601761072874069,0.20663730800151825,0.20663730800151825,0.20663730800151825,0.07601761072874069
2020-07-23,0.07786981761455536,0.07786981761455536,0.07786981761455536,0.07786981761455536,0.20162099599838257,0.2116721123456955,0.19735784828662872,0.07786981761455536
2020-07-24,0.0762416273355484,0.0762416273355484,0.0762416273355484,0.0762416273355484,0.20429939031600952,0.20724622905254364,0.20724622905254364,0.0762416273355484
2020-07-27,0.07601761072874069,0.07601761072874069,0.07601761072874069,0.07601761072874069,0.20663730800151825,0.20663730800151825,0.20663730800151825,0.07601761072874069
2020-07-28,0.07601761072874069,0.07601761072874069,0.07601761072874069,0.07601761072874069,0.20663730800151825,0.20663730800151825,0.20663730800151825,0.07601761072874069
2020-07-29,0.1939462125301361,0.07134881615638733,0.07134881615638733,0.07134881615638733,0.13276611268520355,0.1939462125301361,0.1939462125301361,0.07134881615638733
2020-07-30,0.18276464939117432,0.06723535060882568,0.18276464939117432,0.06723535060882568,0.06723535060882568,0.18276464939117432,0.18276464939117432,0.06723535060882568
2020-07-31,0.18276464939117432,0.06723535060882568,0.18276464939117432,0.06723535060882568,0.06723535060882568,0.18276464939117432,0.18276464939117432,0.06723535060882568
2020-08-03,0.18276464939117432,0.06723535060882568,0.18276464939117432,0.06723535060882568,0.06723535060882568,0.18276464939117432,0.18276464939117432,0.06723535060882568
2020-08-04,0.18276464939117432,0.06723535060882568,0.18276464939117432,0.06723535060882568,0.06723535060882568,0.18276464939117432,0.18276464939117432,0.06723535060882568
2020-08-05,0.18276464939117432,0.06723535060882568,0.18276464939117432,0.06723535060882568,0.06723535060882568,0.18276464939117432,0.18276464939117432,0.06723535060882568
2020-08-06,0.18276464939117432,0.06723535060882568,0.18276464939117432,0.06723535060882568,0.06723535060882568,0.18276464939117432,0.18276464939117432,0.06723535060882568
2020-08-07,0.18276464939117432,0.06723535060882568,0.18276464939117432,0.06723535060882568,0.06723535060882568,0.18276464939117432,0.18276464939117432,0.06723535060882568
2020-08-10,0.18276464939117432,0.06723535060882568,0.18276464939117432,0.06723535060882568,0.06723535060882568,0.18276464939117432,0.18276464939117432,0.06723535060882568
2020-08-11,0.18276464939117432,0.06723535060882568,0.18276464939117432,0.06723535060882568,0.06723535060882568,0.18276464939117432,0.18276464939117432,0.06723535060882568
2020-08-12,0.09342482686042786,0.08186881989240646,0.08186881989240646,0.08186881989240646,0.13401488959789276,0.22254253923892975,0.22254253923892975,0.08186881989240646
2020-08-13,0.07894332706928253,0.07894332706928253,0.07894332706928253,0.07894332706928253,0.17610293626785278,0.21459022164344788,0.21459022164344788,0.07894332706928253
2020-08-14,0.0813596174120903,0.0813596174120903,0.0813596174120903,0.0813596174120903,0.1508851796388626,0.22115838527679443,0.22115838527679443,0.0813596174120903
2020-08-17,0.08055747300386429,0.08055747300386429,0.08055747300386429,0.08055747300386429,0.17634734511375427,0.2189779281616211,0.2018873244524002,0.08055747300386429
2020-08-18,0.07616771757602692,0.07616771757602692,0.07616771757602692,0.07616771757602692,0.20507074892520905,0.20704533159732819,0.20704533159732819,0.07616771757602692
2020-08-19,0.07782025635242462,0.07782025635242462,0.07782025635242462,0.07782025635242462,0.18782393634319305,0.2115374058485031,0.2115374058485031,0.07782025635242462
2020-08-20,0.0793820396065712,0.0793820396065712,0.0793820396065712,0.0793820396065712,0.19031372666358948,0.2157827615737915,0.19699329137802124,0.0793820396065712
2020-08-21,0.1018722653388977,0.1018722653388977,0.1018722653388977,0.1018722653388977,0.1018722653388977,0.27691754698753357,0.1018722653388977,0.1118488535284996
2020-08-24,0.10289885103702545,0.10289885103702545,0.10289885103702545,0.10289885103702545,0.10289885103702545,0.2797080874443054,0.10289885103702545,0.10289885103702545
2020-08-25,0.0938524529337883,0.0938524529337883,0.0938524529337883,0.0938524529337883,0.1651800274848938,0.25511741638183594,0.11044025421142578,0.0938524529337883
2020-08-26,0.10289885103702545,0.10289885103702545,0.10289885103702545,0.10289885103702545,0.10289885103702545,0.2797080874443054,0.10289885103702545,0.10289885103702545
2020-08-27,0.10213186591863632,0.10213186591863632,0.10213186591863632,0.10213186591863632,0.10958558320999146,0.2776232063770294,0.10213186591863632,0.10213186591863632
2020-08-28,0.08743885159492493,0.08743885159492493,0.08743885159492493,0.08743885159492493,0.08743885159492493,0.2376834601163864,0.08743885159492493,0.2376834601163864
2020-08-31,0.21589189767837524,0.07942218333482742,0.07942218333482742,0.07942218333482742,0.07942218333482742,0.21589189767837524,0.17110532522201538,0.07942218333482742
2020-09-01,0.08743885159492493,0.08743885159492493,0.08743885159492493,0.08743885159492493,0.08743885159492493,0.2376834601163864,0.08743885159492493,0.2376834601163864
2020-09-02,0.1705711930990219,0.06274963170289993,0.1705711930990219,0.06274963170289993,0.06274963170289993,0.1705711930990219,0.1705711930990219,0.12946635484695435
2020-09-03,0.16383671760559082,0.060272153466939926,0.16383671760559082,0.060272153466939926,0.060272153466939926,0.16383671760559082,0.16383671760559082,0.16383671760559082
2020-09-04,0.16383671760559082,0.060272153466939926,0.16383671760559082,0.060272153466939926,0.060272153466939926,0.16383671760559082,0.16383671760559082,0.16383671760559082
2020-09-08,0.16383671760559082,0.060272153466939926,0.16383671760559082,0.060272153466939926,0.060272153466939926,0.16383671760559082,0.16383671760559082,0.16383671760559082
2020-09-09,0.18276464939117432,0.06723535060882568,0.18276464939117432,0.06723535060882568,0.06723535060882568,0.18276464939117432,0.06723535060882568,0.18276464939117432
2020-09-10,0.18276464939117432,0.06723535060882568,0.18276464939117432,0.06723535060882568,0.06723535060882568,0.18276464939117432,0.06723535060882568,0.18276464939117432
2020-09-11,0.0995035171508789,0.0995035171508789,0.0995035171508789,0.13250038027763367,0.0995035171508789,0.0995035171508789,0.0995035171508789,0.27047860622406006
2020-09-14,0.09726758301258087,0.09726758301258087,0.09726758301258087,0.1519937962293625,0.09726758301258087,0.09726758301258087,0.09726758301258087,0.2644007205963135
2020-09-15,0.09838956594467163,0.09838956594467163,0.09838956594467163,0.14221195876598358,0.09838956594467163,0.09838956594467163,0.09838956594467163,0.26745060086250305
2020-09-16,0.09465484321117401,0.09465484321117401,0.09465484321117401,0.09465484321117401,0.17477239668369293,0.09465484321117401,0.09465484321117401,0.2572985589504242
2020-09-17,0.09692928194999695,0.09692928194999695,0.09692928194999695,0.09692928194999695,0.15494318306446075,0.09692928194999695,0.09692928194999695,0.26348111033439636
2020-09-18,0.0885813906788826,0.0885813906788826,0.0885813906788826,0.09064283967018127,0.22566108405590057,0.0885813906788826,0.0885813906788826,0.24078918993473053
2020-09-21,0.09886759519577026,0.09886759519577026,0.09886759519577026,0.13804441690444946,0.09886759519577026,0.09886759519577026,0.09886759519577026,0.26875001192092896
2020-09-22,0.10289885103702545,0.10289885103702545,0.10289885103702545,0.10289885103702545,0.10289885103702545,0.10289885103702545,0.10289885103702545,0.2797080874443054
2020-09-23,0.08743885159492493,0.08743885159492493,0.08743885159492493,0.2376834601163864,0.08743885159492493,0.08743885159492493,0.08743885159492493,0.2376834601163864
2020-09-24,0.08743885159492493,0.08743885159492493,0.08743885159492493,0.2376834601163864,0.08743885159492493,0.08743885159492493,0.08743885159492493,0.2376834601163864
2020-09-25,0.08743885159492493,0.08743885159492493,0.08743885159492493,0.2376834601163864,0.08743885159492493,0.08743885159492493,0.08743885159492493,0.2376834601163864
2020-09-28,0.08743885159492493,0.08743885159492493,0.08743885159492493,0.2376834601163864,0.08743885159492493,0.08743885159492493,0.08743885159492493,0.2376834601163864
2020-09-29,0.09315616637468338,0.09315616637468338,0.09315616637468338,0.14365620911121368,0.13733816146850586,0.09315616637468338,0.09315616637468338,0.2532247304916382
2020-09-30,0.08743885159492493,0.08743885159492493,0.08743885159492493,0.08743885159492493,0.2376834601163864,0.08743885159492493,0.08743885159492493,0.2376834601163864
2020-10-01,0.08743885159492493,0.08743885159492493,0.08743885159492493,0.2376834601163864,0.08743885159492493,0.08743885159492493,0.08743885159492493,0.2376834601163864
2020-10-02,0.08743885159492493,0.08743885159492493,0.08743885159492493,0.2376834601163864,0.08743885159492493,0.08743885159492493,0.08743885159492493,0.2376834601163864
2020-10-05,0.08743885159492493,0.08743885159492493,0.08743885159492493,0.2376834601163864,0.08743885159492493,0.08743885159492493,0.08743885159492493,0.2376834601163864
2020-10-06,0.08743885159492493,0.08743885159492493,0.08743885159492493,0.08743885159492493,0.2376834601163864,0.08743885159492493,0.08743885159492493,0.2376834601163864
2020-10-07,0.08806964010000229,0.08806964010000229,0.08806964010000229,0.08806964010000229,0.2321840524673462,0.08806964010000229,0.08806964010000229,0.23939812183380127
2020-10-08,0.09522218257188797,0.09522218257188797,0.09522218257188797,0.09522218257188797,0.16982613503932953,0.09522218257188797,0.09522218257188797,0.25884073972702026
2020-10-09,0.08743885159492493,0.08743885159492493,0.08743885159492493,0.2376834601163864,0.08743885159492493,0.08743885159492493,0.08743885159492493,0.2376834601163864
2020-10-12,0.08743885159492493,0.08743885159492493,0.08743885159492493,0.2376834601163864,0.08743885159492493,0.08743885159492493,0.08743885159492493,0.2376834601163864
2020-10-13,0.08743885159492493,0.08743885159492493,0.08743885159492493,0.2376834601163864,0.08743885159492493,0.08743885159492493,0.08743885159492493,0.2376834601163864
2020-10-14,0.20663730800151825,0.07601761072874069,0.07601761072874069,0.07601761072874069,0.20663730800151825,0.07601761072874069,0.07601761072874069,0.20663730800151825
2020-10-15,0.20663730800151825,0.07601761072874069,0.07601761072874069,0.07601761072874069,0.20663730800151825,0.07601761072874069,0.07601761072874069,0.20663730800151825
2020-10-16,0.20663730800151825,0.07601761072874069,0.07601761072874069,0.07601761072874069,0.20663730800151825,0.07601761072874069,0.07601761072874069,0.20663730800151825
2020-10-19,0.20663730800151825,0.07601761072874069,0.07601761072874069,0.07601761072874069,0.20663730800151825,0.07601761072874069,0.07601761072874069,0.20663730800151825
2020-10-20,0.0795629695057869,0.0795629695057869,0.0795629695057869,0.16963589191436768,0.21627458930015564,0.0795629695057869,0.0795629695057869,0.21627458930015564
2020-10-21,0.08743885159492493,0.08743885159492493,0.08743885159492493,0.2376834601163864,0.08743885159492493,0.08743885159492493,0.08743885159492493,0.2376834601163864
2020-10-22,0.08743885159492493,0.08743885159492493,0.08743885159492493,0.2376834601163864,0.08743885159492493,0.08743885159492493,0.08743885159492493,0.2376834601163864
2020-10-23,0.08743885159492493,0.08743885159492493,0.08743885159492493,0.2376834601163864,0.08743885159492493,0.08743885159492493,0.08743885159492493,0.2376834601163864
2020-10-26,0.08743885159492493,0.08743885159492493,0.08743885159492493,0.2376834601163864,0.08743885159492493,0.08743885159492493,0.08743885159492493,0.2376834601163864
2020-10-27,0.08624587208032608,0.08624587208032608,0.08624587208032608,0.23444059491157532,0.09988949447870255,0.08624587208032608,0.08624587208032608,0.23444059491157532
2020-10-28,0.08743885159492493,0.08743885159492493,0.08743885159492493,0.2376834601163864,0.08743885159492493,0.08743885159492493,0.08743885159492493,0.2376834601163864
2020-10-29,0.10289885103702545,0.10289885103702545,0.10289885103702545,0.10289885103702545,0.10289885103702545,0.10289885103702545,0.10289885103702545,0.2797080874443054
2020-10-30,0.10289885103702545,0.10289885103702545,0.10289885103702545,0.10289885103702545,0.10289885103702545,0.10289885103702545,0.10289885103702545,0.2797080874443054
2020-11-02,0.0892200842499733,0.0892200842499733,0.0892200842499733,0.14135821163654327,0.17001605033874512,0.0892200842499733,0.0892200842499733,0.2425253540277481
2020-11-03,0.08743885159492493,0.08743885159492493,0.08743885159492493,0.2376834601163864,0.08743885159492493,0.08743885159492493,0.08743885159492493,0.2376834601163864
2020-11-04,0.08743885159492493,0.08743885159492493,0.08743885159492493,0.2376834601163864,0.08743885159492493,0.08743885159492493,0.08743885159492493,0.2376834601163864
2020-11-05,0.08743885159492493,0.08743885159492493,0.08743885159492493,0.2376834601163864,0.08743885159492493,0.08743885159492493,0.08743885159492493,0.2376834601163864
2020-11-06,0.10289885103702545,0.10289885103702545,0.10289885103702545,0.10289885103702545,0.10289885103702545,0.10289885103702545,0.10289885103702545,0.2797080874443054
2020-11-09,0.08743885159492493,0.08743885159492493,0.08743885159492493,0.2376834601163864,0.08743885159492493,0.08743885159492493,0.08743885159492493,0.2376834601163864
2020-11-10,0.08743885159492493,0.08743885159492493,0.08743885159492493,0.2376834601163864,0.08743885159492493,0.08743885159492493,0.08743885159492493,0.2376834601163864
2020-11-11,0.08743885159492493,0.08743885159492493,0.08743885159492493,0.2376834601163864,0.08743885159492493,0.08743885159492493,0.08743885159492493,0.2376834601163864
2020-11-12,0.08565814793109894,0.09308955818414688,0.08565814793109894,0.23284299671649933,0.09859185665845871,0.08565814793109894,0.08565814793109894,0.23284299671649933
2020-11-13,0.18276464939117432,0.06723535060882568,0.18276464939117432,0.06723535060882568,0.18276464939117432,0.06723535060882568,0.06723535060882568,0.18276464939117432
2020-11-16,0.18094658851623535,0.06656652688980103,0.18094658851623535,0.06656652688980103,0.18094658851623535,0.0765141025185585,0.06656652688980103,0.18094658851623535
2020-11-17,0.16383671760559082,0.060272153466939926,0.16383671760559082,0.060272153466939926,0.16383671760559082,0.16383671760559082,0.16383671760559082,0.060272153466939926
2020-11-18,0.16383671760559082,0.060272153466939926,0.16383671760559082,0.060272153466939926,0.16383671760559082,0.16383671760559082,0.16383671760559082,0.060272153466939926
2020-11-19,0.17503294348716736,0.06439101696014404,0.17503294348716736,0.06439101696014404,0.17503294348716736,0.106695257127285,0.06439101696014404,0.17503294348716736
2020-11-20,0.18276464939117432,0.06723535060882568,0.18276464939117432,0.06723535060882568,0.18276464939117432,0.06723535060882568,0.06723535060882568,0.18276464939117432
2020-11-23,0.18276464939117432,0.06723535060882568,0.18276464939117432,0.06723535060882568,0.18276464939117432,0.06723535060882568,0.06723535060882568,0.18276464939117432
2020-11-24,0.16778302192687988,0.061723921447992325,0.16778302192687988,0.061723921447992325,0.16778302192687988,0.14369609951972961,0.061723921447992325,0.16778302192687988
2020-11-25,0.17264358699321747,0.06351201981306076,0.17264358699321747,0.06351201981306076,0.17264358699321747,0.14924964308738708,0.06351201981306076,0.1422836035490036
2020-11-27,0.1739996075630188,0.0640108734369278,0.1739996075630188,0.0640108734369278,0.1739996075630188,0.1739996075630188,0.0640108734369278,0.11196886748075485
2020-11-30,0.17287904024124146,0.0635986402630806,0.17287904024124146,0.0635986402630806,0.17287904024124146,0.17287904024124146,0.0635986402630806,0.11768794804811478
2020-12-01,0.17313489317893982,0.06369276344776154,0.17313489317893982,0.06369276344776154,0.17313489317893982,0.17313489317893982,0.06369276344776154,0.1163821816444397
2020-12-02,0.10289885103702545,0.10289885103702545,0.10289885103702545,0.10289885103702545,0.10289885103702545,0.10289885103702545,0.10289885103702545,0.2797080874443054
2020-12-03,0.10289885103702545,0.10289885103702545,0.10289885103702545,0.10289885103702545,0.10289885103702545,0.10289885103702545,0.10289885103702545,0.2797080874443054
2020-12-04,0.10289885103702545,0.10289885103702545,0.10289885103702545,0.10289885103702545,0.10289885103702545,0.10289885103702545,0.10289885103702545,0.2797080874443054
2020-12-07,0.1860738843679428,0.06845275312662125,0.16796736419200897,0.06845275312662125,0.06845275312662125,0.1860738843679428,0.06845275312662125,0.1860738843679428
2020-12-08,0.16891001164913177,0.06213851273059845,0.16891001164913177,0.06213851273059845,0.06213851273059845,0.16891001164913177,0.16891001164913177,0.13794443011283875
2020-12-09,0.18276464939117432,0.06723535060882568,0.18276464939117432,0.06723535060882568,0.06723535060882568,0.18276464939117432,0.18276464939117432,0.06723535060882568
2020-12-10,0.17431749403476715,0.06412781774997711,0.17431749403476715,0.06412781774997711,0.06412781774997711,0.17431749403476715,0.17431749403476715,0.11034658551216125
2020-12-11,0.18276464939117432,0.06723535060882568,0.18276464939117432,0.06723535060882568,0.06723535060882568,0.18276464939117432,0.18276464939117432,0.06723535060882568
2020-12-14,0.18276464939117432,0.06723535060882568,0.18276464939117432,0.06723535060882568,0.06723535060882568,0.18276464939117432,0.18276464939117432,0.06723535060882568
2020-12-15,0.16383671760559082,0.060272153466939926,0.16383671760559082,0.060272153466939926,0.16383671760559082,0.16383671760559082,0.16383671760559082,0.060272153466939926
2020-12-16,0.16383671760559082,0.060272153466939926,0.16383671760559082,0.060272153466939926,0.16383671760559082,0.16383671760559082,0.16383671760559082,0.060272153466939926
2020-12-17,0.16383671760559082,0.060272153466939926,0.16383671760559082,0.060272153466939926,0.16383671760559082,0.16383671760559082,0.16383671760559082,0.060272153466939926
2020-12-18,0.1667328178882599,0.06133757159113884,0.1667328178882599,0.06133757159113884,0.14905598759651184,0.1667328178882599,0.1667328178882599,0.06133757159113884
2020-12-21,0.17002086341381073,0.06254717707633972,0.17002086341381073,0.06254717707633972,0.13227500021457672,0.17002086341381073,0.17002086341381073,0.06254717707633972
2020-12-22,0.17625723779201508,0.06484141200780869,0.17625723779201508,0.06484141200780869,0.10044685006141663,0.17625723779201508,0.17625723779201508,0.06484141200780869
2020-12-23,0.16706955432891846,0.06146145239472389,0.16706955432891846,0.06146145239472389,0.1473374217748642,0.16706955432891846,0.16706955432891846,0.06146145239472389
2020-12-24,0.16383671760559082,0.060272153466939926,0.16383671760559082,0.060272153466939926,0.16383671760559082,0.16383671760559082,0.16383671760559082,0.060272153466939926
2020-12-28,0.16383671760559082,0.060272153466939926,0.16383671760559082,0.060272153466939926,0.16383671760559082,0.16383671760559082,0.16383671760559082,0.060272153466939926
2020-12-29,0.16383671760559082,0.060272153466939926,0.16383671760559082,0.060272153466939926,0.16383671760559082,0.16383671760559082,0.16383671760559082,0.060272153466939926
2020-12-30,0.16383671760559082,0.060272153466939926,0.16383671760559082,0.060272153466939926,0.16383671760559082,0.16383671760559082,0.16383671760559082,0.060272153466939926
2020-12-31,0.16383671760559082,0.060272153466939926,0.16383671760559082,0.060272153466939926,0.16383671760559082,0.16383671760559082,0.16383671760559082,0.060272153466939926
2021-01-04,0.16383671760559082,0.060272153466939926,0.16383671760559082,0.060272153466939926,0.16383671760559082,0.16383671760559082,0.16383671760559082,0.060272153466939926
2021-01-05,0.18276464939117432,0.06723535060882568,0.18276464939117432,0.06723535060882568,0.06723535060882568,0.18276464939117432,0.18276464939117432,0.06723535060882568
2021-01-06,0.180113285779953,0.0662599727511406,0.180113285779953,0.0662599727511406,0.0662599727511406,0.180113285779953,0.180113285779953,0.08076693117618561
2021-01-07,0.18276464939117432,0.06723535060882568,0.18276464939117432,0.06723535060882568,0.06723535060882568,0.18276464939117432,0.18276464939117432,0.06723535060882568
2021-01-08,0.18276464939117432,0.06723535060882568,0.18276464939117432,0.06723535060882568,0.06723535060882568,0.18276464939117432,0.18276464939117432,0.06723535060882568
2021-01-11,0.18276464939117432,0.06723535060882568,0.18276464939117432,0.06723535060882568,0.06723535060882568,0.18276464939117432,0.18276464939117432,0.06723535060882568
2021-01-12,0.18276464939117432,0.06723535060882568,0.18276464939117432,0.06723535060882568,0.06723535060882568,0.18276464939117432,0.18276464939117432,0.06723535060882568
2021-01-13,0.18276464939117432,0.06723535060882568,0.18276464939117432,0.06723535060882568,0.06723535060882568,0.18276464939117432,0.18276464939117432,0.06723535060882568
2021-01-14,0.18276464939117432,0.06723535060882568,0.18276464939117432,0.06723535060882568,0.06723535060882568,0.18276464939117432,0.18276464939117432,0.06723535060882568
2021-01-15,0.18276464939117432,0.06723535060882568,0.18276464939117432,0.06723535060882568,0.06723535060882568,0.18276464939117432,0.18276464939117432,0.06723535060882568
2021-01-19,0.18276464939117432,0.06723535060882568,0.18276464939117432,0.06723535060882568,0.06723535060882568,0.18276464939117432,0.18276464939117432,0.06723535060882568
2021-01-20,0.16383671760559082,0.060272153466939926,0.16383671760559082,0.060272153466939926,0.16383671760559082,0.16383671760559082,0.16383671760559082,0.060272153466939926
2021-01-21,0.16383671760559082,0.060272153466939926,0.16383671760559082,0.060272153466939926,0.16383671760559082,0.16383671760559082,0.16383671760559082,0.060272153466939926
2021-01-22,0.15616221725940704,0.104291170835495,0.15616221725940704,0.0574488639831543,0.15616221725940704,0.15616221725940704,0.15616221725940704,0.0574488639831543
2021-01-25,0.14846137166023254,0.14846137166023254,0.14846137166023254,0.05461588129401207,0.14846137166023254,0.14846137166023254,0.14846137166023254,0.05461588129401207
2021-01-26,0.14846137166023254,0.14846137166023254,0.14846137166023254,0.05461588129401207,0.14846137166023254,0.14846137166023254,0.14846137166023254,0.05461588129401207
2021-01-27,0.16383671760559082,0.060272153466939926,0.16383671760559082,0.060272153466939926,0.16383671760559082,0.16383671760559082,0.16383671760559082,0.060272153466939926
2021-01-28,0.16383671760559082,0.060272153466939926,0.16383671760559082,0.060272153466939926,0.16383671760559082,0.16383671760559082,0.16383671760559082,0.060272153466939926
2021-01-29,0.16383671760559082,0.060272153466939926,0.16383671760559082,0.060272153466939926,0.16383671760559082,0.16383671760559082,0.16383671760559082,0.060272153466939926
2021-02-01,0.10289885103702545,0.10289885103702545,0.10289885103702545,0.10289885103702545,0.10289885103702545,0.10289885103702545,0.10289885103702545,0.2797080874443054
2021-02-02,0.07601761072874069,0.07601761072874069,0.07601761072874069,0.20663730800151825,0.20663730800151825,0.07601761072874069,0.07601761072874069,0.20663730800151825
2021-02-03,0.08571923524141312,0.08571923524141312,0.08571923524141312,0.23300905525684357,0.10538573563098907,0.08571923524141312,0.08571923524141312,0.23300905525684357
2021-02-04,0.08743885159492493,0.08743885159492493,0.08743885159492493,0.2376834601163864,0.08743885159492493,0.08743885159492493,0.08743885159492493,0.2376834601163864
2021-02-05,0.08502699434757233,0.08502699434757233,0.08502699434757233,0.23112733662128448,0.1126103326678276,0.08502699434757233,0.08502699434757233,0.23112733662128448
2021-02-08,0.09085176140069962,0.09085176140069962,0.09085176140069962,0.20792870223522186,0.09085176140069962,0.09085176140069962,0.09085176140069962,0.24696071445941925
2021-02-09,0.16383671760559082,0.060272153466939926,0.16383671760559082,0.060272153466939926,0.060272153466939926,0.16383671760559082,0.16383671760559082,0.16383671760559082
2021-02-10,0.1658453643321991,0.06101109832525253,0.1658453643321991,0.06101109832525253,0.06101109832525253,0.1658453643321991,0.1658453643321991,0.1535852551460266
2021-02-11,0.1696823388338089,0.06242264062166214,0.1696823388338089,0.06242264062166214,0.06242264062166214,0.1696823388338089,0.1696823388338089,0.134002685546875
2021-02-12,0.18276464939117432,0.06723535060882568,0.18276464939117432,0.06723535060882568,0.06723535060882568,0.18276464939117432,0.18276464939117432,0.06723535060882568
2021-02-16,0.18276464939117432,0.06723535060882568,0.18276464939117432,0.06723535060882568,0.06723535060882568,0.18276464939117432,0.18276464939117432,0.06723535060882568
2021-02-17,0.18276464939117432,0.06723535060882568,0.18276464939117432,0.06723535060882568,0.06723535060882568,0.18276464939117432,0.18276464939117432,0.06723535060882568
2021-02-18,0.18276464939117432,0.06723535060882568,0.18276464939117432,0.06723535060882568,0.06723535060882568,0.18276464939117432,0.18276464939117432,0.06723535060882568
2021-02-19,0.18276464939117432,0.06723535060882568,0.18276464939117432,0.06723535060882568,0.06723535060882568,0.18276464939117432,0.18276464939117432,0.06723535060882568
2021-02-22,0.18276464939117432,0.06723535060882568,0.18276464939117432,0.06723535060882568,0.06723535060882568,0.18276464939117432,0.18276464939117432,0.06723535060882568
2021-02-23,0.18276464939117432,0.06723535060882568,0.18276464939117432,0.06723535060882568,0.06723535060882568,0.18276464939117432,0.18276464939117432,0.06723535060882568
2021-02-24,0.16383671760559082,0.060272153466939926,0.16383671760559082,0.060272153466939926,0.060272153466939926,0.16383671760559082,0.16383671760559082,0.16383671760559082
2021-02-25,0.1748780608177185,0.06433404237031937,0.1748780608177185,0.06433404237031937,0.06433404237031937,0.1748780608177185,0.1748780608177185,0.10748565942049026
2021-02-26,0.19741091132164001,0.07262340933084488,0.19741091132164001,0.11727369576692581,0.07262340933084488,0.07262340933084488,0.07262340933084488,0.19741091132164001
2021-03-01,0.08037517964839935,0.08037517964839935,0.08037517964839935,0.16115932166576385,0.2184823900461197,0.08037517964839935,0.08037517964839935,0.2184823900461197
2021-03-02,0.08743885159492493,0.08743885159492493,0.08743885159492493,0.2376834601163864,0.08743885159492493,0.08743885159492493,0.08743885159492493,0.2376834601163864
2021-03-03,0.07601761072874069,0.07601761072874069,0.07601761072874069,0.20663730800151825,0.20663730800151825,0.07601761072874069,0.07601761072874069,0.20663730800151825
2021-03-04,0.07601761072874069,0.07601761072874069,0.07601761072874069,0.20663730800151825,0.20663730800151825,0.07601761072874069,0.07601761072874069,0.20663730800151825
2021-03-05,0.08415348082780838,0.08415348082780838,0.08415348082780838,0.22875288128852844,0.12172681838274002,0.08415348082780838,0.08415348082780838,0.22875288128852844
2021-03-08,0.07944687455892563,0.07944687455892563,0.07944687455892563,0.21595901250839233,0.17084760963916779,0.07944687455892563,0.07944687455892563,0.21595901250839233
2021-03-09,0.07601761072874069,0.07601761072874069,0.07601761072874069,0.20663730800151825,0.20663730800151825,0.07601761072874069,0.07601761072874069,0.20663730800151825
2021-03-10,0.07601761072874069,0.07601761072874069,0.07601761072874069,0.20663730800151825,0.20663730800151825,0.07601761072874069,0.07601761072874069,0.20663730800151825
2021-03-11,0.08464212715625763,0.08464212715625763,0.08464212715625763,0.23008115589618683,0.11662708222866058,0.08464212715625763,0.08464212715625763,0.23008115589618683
2021-03-12,0.08249068260192871,0.08249068260192871,0.08249068260192871,0.22423292696475983,0.1390807181596756,0.08249068260192871,0.08249068260192871,0.22423292696475983
2021-03-15,0.08743885159492493,0.08743885159492493,0.08743885159492493,0.2376834601163864,0.08743885159492493,0.08743885159492493,0.08743885159492493,0.2376834601163864
2021-03-16,0.07601761072874069,0.07601761072874069,0.20663730800151825,0.20663730800151825,0.07601761072874069,0.07601761072874069,0.07601761072874069,0.20663730800151825
2021-03-17,0.07852384448051453,0.07852384448051453,0.18048086762428284,0.21344995498657227,0.07852384448051453,0.07852384448051453,0.07852384448051453,0.21344995498657227
2021-03-18,0.18276464939117432,0.06723535060882568,0.18276464939117432,0.18276464939117432,0.06723535060882568,0.06723535060882568,0.06723535060882568,0.18276464939117432
2021-03-19,0.1514047533273697,0.0556986927986145,0.1514047533273697,0.13157890737056732,0.0556986927986145,0.1514047533273697,0.1514047533273697,0.1514047533273697
2021-03-22,0.18276464939117432,0.06723535060882568,0.18276464939117432,0.18276464939117432,0.06723535060882568,0.06723535060882568,0.06723535060882568,0.18276464939117432
2021-03-23,0.18276464939117432,0.06723535060882568,0.18276464939117432,0.18276464939117432,0.06723535060882568,0.06723535060882568,0.06723535060882568,0.18276464939117432
2021-03-24,0.0744461864233017,0.09511806815862656,0.2023657262325287,0.2023657262325287,0.0744461864233017,0.0744461864233017,0.0744461864233017,0.2023657262325287
2021-03-25,0.08273005485534668,0.08273005485534668,0.13658244907855988,0.22488361597061157,0.08273005485534668,0.08273005485534668,0.08273005485534668,0.22488361597061157
2021-03-26,0.08743885159492493,0.08743885159492493,0.08743885159492493,0.2376834601163864,0.08743885159492493,0.08743885159492493,0.08743885159492493,0.2376834601163864
2021-03-29,0.08533582091331482,0.08533582091331482,0.10938730835914612,0.23196682333946228,0.08533582091331482,0.08533582091331482,0.08533582091331482,0.23196682333946228
2021-03-30,0.07601761072874069,0.07601761072874069,0.20663730800151825,0.20663730800151825,0.07601761072874069,0.07601761072874069,0.07601761072874069,0.20663730800151825
2021-03-31,0.17601947486400604,0.10166028887033463,0.17601947486400604,0.17601947486400604,0.0647539421916008,0.0647539421916008,0.0647539421916008,0.17601947486400604
2021-04-01,0.18275335431098938,0.06729301810264587,0.18275335431098938,0.18275335431098938,0.0672311931848526,0.0672311931848526,0.0672311931848526,0.18275335431098938
2021-04-05,0.18276464939117432,0.06723535060882568,0.18276464939117432,0.18276464939117432,0.06723535060882568,0.06723535060882568,0.06723535060882568,0.18276464939117432
2021-04-06,0.1725953370332718,0.06349427253007889,0.1725953370332718,0.06349427253007889,0.11913591623306274,0.1725953370332718,0.1725953370332718,0.06349427253007889
2021-04-07,0.16383671760559082,0.060272153466939926,0.16383671760559082,0.060272153466939926,0.16383671760559082,0.16383671760559082,0.16383671760559082,0.060272153466939926
2021-04-08,0.16383671760559082,0.060272153466939926,0.16383671760559082,0.060272153466939926,0.16383671760559082,0.16383671760559082,0.16383671760559082,0.060272153466939926
2021-04-09,0.16383671760559082,0.060272153466939926,0.16383671760559082,0.060272153466939926,0.16383671760559082,0.16383671760559082,0.16383671760559082,0.060272153466939926
2021-04-12,0.1805659979581833,0.06642651557922363,0.1805659979581833,0.06642651557922363,0.07845646142959595,0.1805659979581833,0.1805659979581833,0.06642651557922363
2021-04-13,0.18276464939117432,0.06723535060882568,0.18276464939117432,0.06723535060882568,0.06723535060882568,0.18276464939117432,0.18276464939117432,0.06723535060882568
2021-04-14,0.18276464939117432,0.06723535060882568,0.18276464939117432,0.06723535060882568,0.06723535060882568,0.18276464939117432,0.18276464939117432,0.06723535060882568
2021-04-15,0.15677562355995178,0.14213576912879944,0.15677562355995178,0.05767452344298363,0.11541271209716797,0.15677562355995178,0.15677562355995178,0.05767452344298363
2021-04-16,0.18276464939117432,0.06723535060882568,0.18276464939117432,0.06723535060882568,0.06723535060882568,0.18276464939117432,0.18276464939117432,0.06723535060882568
2021-04-19,0.18276464939117432,0.06723535060882568,0.18276464939117432,0.06723535060882568,0.06723535060882568,0.18276464939117432,0.18276464939117432,0.06723535060882568
2021-04-20,0.18276464939117432,0.06723535060882568,0.18276464939117432,0.06723535060882568,0.06723535060882568,0.18276464939117432,0.18276464939117432,0.06723535060882568
2021-04-21,0.18276464939117432,0.06723535060882568,0.18276464939117432,0.06723535060882568,0.06723535060882568,0.18276464939117432,0.18276464939117432,0.06723535060882568
2021-04-22,0.18276464939117432,0.06723535060882568,0.18276464939117432,0.06723535060882568,0.06723535060882568,0.18276464939117432,0.18276464939117432,0.06723535060882568
2021-04-23,0.18276464939117432,0.06723535060882568,0.18276464939117432,0.06723535060882568,0.06723535060882568,0.18276464939117432,0.18276464939117432,0.06723535060882568
2021-04-26,0.16055652499198914,0.079086534678936,0.16055652499198914,0.05906543880701065,0.16055652499198914,0.16055652499198914,0.16055652499198914,0.05906543880701065
2021-04-27,0.15739905834197998,0.09719696640968323,0.15739905834197998,0.057903870940208435,0.15739905834197998,0.15739905834197998,0.15739905834197998,0.057903870940208435
2021-04-28,0.15155361592769623,0.15155361592769623,0.15155361592769623,0.05575345829129219,0.13072504103183746,0.15155361592769623,0.15155361592769623,0.05575345829129219
2021-04-29,0.14967794716358185,0.14967794716358185,0.14967794716358185,0.055063437670469284,0.1414833962917328,0.14967794716358185,0.14967794716358185,0.055063437670469284
2021-04-30,0.16290290653705597,0.06562811136245728,0.16290290653705597,0.05992862954735756,0.16290290653705597,0.16290290653705597,0.16290290653705597,0.05992862954735756
2021-05-03,0.16867850720882416,0.06205334886908531,0.16867850720882416,0.06205334886908531,0.1391260027885437,0.16867850720882416,0.16867850720882416,0.06205334886908531
2021-05-04,0.18276464939117432,0.06723535060882568,0.18276464939117432,0.06723535060882568,0.06723535060882568,0.18276464939117432,0.18276464939117432,0.06723535060882568
2021-05-05,0.18276464939117432,0.06723535060882568,0.18276464939117432,0.06723535060882568,0.06723535060882568,0.18276464939117432,0.18276464939117432,0.06723535060882568
2021-05-06,0.16383671760559082,0.060272153466939926,0.16383671760559082,0.060272153466939926,0.060272153466939926,0.16383671760559082,0.16383671760559082,0.16383671760559082
2021-05-07,0.17839041352272034,0.06562615931034088,0.17839041352272034,0.06562615931034088,0.06562615931034088,0.17839041352272034,0.17839041352272034,0.08955981582403183
2021-05-10,0.18276464939117432,0.06723535060882568,0.18276464939117432,0.06723535060882568,0.06723535060882568,0.18276464939117432,0.18276464939117432,0.06723535060882568
2021-05-11,0.18276464939117432,0.06723535060882568,0.18276464939117432,0.06723535060882568,0.06723535060882568,0.18276464939117432,0.18276464939117432,0.06723535060882568
2021-05-12,0.20663730800151825,0.07601761072874069,0.20663730800151825,0.07601761072874069,0.07601761072874069,0.07601761072874069,0.07601761072874069,0.20663730800151825
2021-05-13,0.08729052543640137,0.08729052543640137,0.08729052543640137,0.2372802495956421,0.08898689597845078,0.08729052543640137,0.08729052543640137,0.2372802495956421
2021-05-14,0.08658790588378906,0.08658790588378906,0.08658790588378906,0.23537035286426544,0.096319779753685,0.08658790588378906,0.08658790588378906,0.23537035286426544
2021-05-17,0.08743885159492493,0.08743885159492493,0.08743885159492493,0.2376834601163864,0.08743885159492493,0.08743885159492493,0.08743885159492493,0.2376834601163864
2021-05-18,0.08743885159492493,0.08743885159492493,0.08743885159492493,0.2376834601163864,0.08743885159492493,0.08743885159492493,0.08743885159492493,0.2376834601163864
2021-05-19,0.08743885159492493,0.08743885159492493,0.08743885159492493,0.2376834601163864,0.08743885159492493,0.08743885159492493,0.08743885159492493,0.2376834601163864
2021-05-20,0.08743885159492493,0.08743885159492493,0.08743885159492493,0.2376834601163864,0.08743885159492493,0.08743885159492493,0.08743885159492493,0.2376834601163864
2021-05-21,0.08743885159492493,0.08743885159492493,0.08743885159492493,0.2376834601163864,0.08743885159492493,0.08743885159492493,0.08743885159492493,0.2376834601163864
2021-05-24,0.08743885159492493,0.08743885159492493,0.08743885159492493,0.2376834601163864,0.08743885159492493,0.08743885159492493,0.08743885159492493,0.2376834601163864
2021-05-25,0.08743885159492493,0.08743885159492493,0.08743885159492493,0.2376834601163864,0.08743885159492493,0.08743885159492493,0.08743885159492493,0.2376834601163864
2021-05-26,0.08743885159492493,0.08743885159492493,0.08743885159492493,0.2376834601163864,0.08743885159492493,0.08743885159492493,0.08743885159492493,0.2376834601163864
2021-05-27,0.08743885159492493,0.08743885159492493,0.08743885159492493,0.2376834601163864,0.08743885159492493,0.08743885159492493,0.08743885159492493,0.2376834601163864
2021-05-28,0.08743885159492493,0.08743885159492493,0.08743885159492493,0.2376834601163864,0.08743885159492493,0.08743885159492493,0.08743885159492493,0.2376834601163864
2021-06-01,0.08743885159492493,0.08743885159492493,0.08743885159492493,0.2376834601163864,0.08743885159492493,0.08743885159492493,0.08743885159492493,0.2376834601163864
2021-06-02,0.08743885159492493,0.08743885159492493,0.08743885159492493,0.2376834601163864,0.08743885159492493,0.08743885159492493,0.08743885159492493,0.2376834601163864
2021-06-03,0.08743885159492493,0.08743885159492493,0.08743885159492493,0.2376834601163864,0.08743885159492493,0.08743885159492493,0.08743885159492493,0.2376834601163864
2021-06-04,0.08453954011201859,0.08453954011201859,0.08453954011201859,0.22980229556560516,0.11769771575927734,0.08453954011201859,0.08453954011201859,0.22980229556560516
2021-06-07,0.08064558357000351,0.08064558357000351,0.08064558357000351,0.219217449426651,0.15833719074726105,0.08064558357000351,0.08064558357000351,0.219217449426651
2021-06-08,0.08743885159492493,0.08743885159492493,0.08743885159492493,0.2376834601163864,0.08743885159492493,0.08743885159492493,0.08743885159492493,0.2376834601163864
2021-06-09,0.08743885159492493,0.08743885159492493,0.08743885159492493,0.2376834601163864,0.08743885159492493,0.08743885159492493,0.08743885159492493,0.2376834601163864
2021-06-10,0.08326113224029541,0.08326113224029541,0.08326113224029541,0.22632722556591034,0.13103994727134705,0.08326113224029541,0.08326113224029541,0.22632722556591034
2021-06-11,0.08698994666337967,0.08698994666337967,0.08698994666337967,0.23646320402622223,0.09212392568588257,0.08698994666337967,0.08698994666337967,0.23646320402622223
2021-06-14,0.08743885159492493,0.08743885159492493,0.08743885159492493,0.2376834601163864,0.08743885159492493,0.08743885159492493,0.08743885159492493,0.2376834601163864
2021-06-15,0.08743885159492493,0.08743885159492493,0.08743885159492493,0.2376834601163864,0.08743885159492493,0.08743885159492493,0.08743885159492493,0.2376834601163864
2021-06-16,0.08743885159492493,0.08743885159492493,0.08743885159492493,0.2376834601163864,0.08743885159492493,0.08743885159492493,0.08743885159492493,0.2376834601163864
2021-06-17,0.08743885159492493,0.08743885159492493,0.08743885159492493,0.2376834601163864,0.08743885159492493,0.08743885159492493,0.08743885159492493,0.2376834601163864
2021-06-18,0.08743885159492493,0.08743885159492493,0.08743885159492493,0.2376834601163864,0.08743885159492493,0.08743885159492493,0.08743885159492493,0.2376834601163864
2021-06-21,0.07601761072874069,0.07601761072874069,0.07601761072874069,0.20663730800151825,0.20663730800151825,0.07601761072874069,0.07601761072874069,0.20663730800151825
2021-06-22,0.07601761072874069,0.07601761072874069,0.07601761072874069,0.20663730800151825,0.20663730800151825,0.07601761072874069,0.07601761072874069,0.20663730800151825
2021-06-23,0.07601761072874069,0.07601761072874069,0.07601761072874069,0.20663730800151825,0.20663730800151825,0.07601761072874069,0.07601761072874069,0.20663730800151825
2021-06-24,0.07601761072874069,0.07601761072874069,0.07601761072874069,0.20663730800151825,0.20663730800151825,0.07601761072874069,0.07601761072874069,0.20663730800151825
2021-06-25,0.07601761072874069,0.07601761072874069,0.07601761072874069,0.20663730800151825,0.20663730800151825,0.07601761072874069,0.07601761072874069,0.20663730800151825
2021-06-28,0.08743885159492493,0.08743885159492493,0.08743885159492493,0.2376834601163864,0.08743885159492493,0.08743885159492493,0.08743885159492493,0.2376834601163864
2021-06-29,0.08743885159492493,0.08743885159492493,0.08743885159492493,0.2376834601163864,0.08743885159492493,0.08743885159492493,0.08743885159492493,0.2376834601163864
2021-06-30,0.08743885159492493,0.08743885159492493,0.08743885159492493,0.2376834601163864,0.08743885159492493,0.08743885159492493,0.08743885159492493,0.2376834601163864
2021-07-01,0.08743885159492493,0.08743885159492493,0.08743885159492493,0.2376834601163864,0.08743885159492493,0.08743885159492493,0.08743885159492493,0.2376834601163864
2021-07-02,0.08444762229919434,0.08444762229919434,0.08444762229919434,0.22955244779586792,0.11865699291229248,0.08444762229919434,0.08444762229919434,0.22955244779586792
2021-07-06,0.18276464939117432,0.06723535060882568,0.18276464939117432,0.06723535060882568,0.18276464939117432,0.06723535060882568,0.06723535060882568,0.18276464939117432
2021-07-07,0.1743553876876831,0.06414175778627396,0.1743553876876831,0.06414175778627396,0.1743553876876831,0.11015314608812332,0.06414175778627396,0.1743553876876831
2021-07-08,0.18276464939117432,0.06723535060882568,0.18276464939117432,0.06723535060882568,0.18276464939117432,0.06723535060882568,0.06723535060882568,0.18276464939117432
2021-07-09,0.17242352664470673,0.08822964876890182,0.08822964876890182,0.08822964876890182,0.14659520983695984,0.08822964876890182,0.08822964876890182,0.2398330569267273
2021-07-12,0.16383671760559082,0.060272153466939926,0.16383671760559082,0.060272153466939926,0.16383671760559082,0.16383671760559082,0.060272153466939926,0.16383671760559082
2021-07-13,0.16750721633434296,0.061622459441423416,0.16750721633434296,0.061622459441423416,0.16750721633434296,0.16750721633434296,0.09696751832962036,0.10975872725248337
2021-07-14,0.16186073422431946,0.05954523757100105,0.16186073422431946,0.05954523757100105,0.16186073422431946,0.16186073422431946,0.16186073422431946,0.07160578668117523
2021-07-15,0.16383671760559082,0.060272153466939926,0.16383671760559082,0.060272153466939926,0.16383671760559082,0.16383671760559082,0.060272153466939926,0.16383671760559082
2021-07-16,0.18276464939117432,0.06723535060882568,0.18276464939117432,0.06723535060882568,0.18276464939117432,0.06723535060882568,0.06723535060882568,0.18276464939117432
2021-07-19,0.20602044463157654,0.07607671618461609,0.07607671618461609,0.07607671618461609,0.20679797232151031,0.07607671618461609,0.07607671618461609,0.20679797232151031
2021-07-20,0.09536346793174744,0.09536346793174744,0.09536346793174744,0.1685943901538849,0.09536346793174744,0.09536346793174744,0.09536346793174744,0.2592248022556305
2021-07-21,0.18139725923538208,0.07843603938817978,0.07843603938817978,0.07843603938817978,0.2132112830877304,0.07843603938817978,0.07843603938817978,0.2132112830877304
2021-07-22,0.07902643829584122,0.07902643829584122,0.07902643829584122,0.1752355843782425,0.2148161381483078,0.07902643829584122,0.07902643829584122,0.2148161381483078
2021-07-23,0.08366253972053528,0.08366253972053528,0.08366253972053528,0.12685056030750275,0.22741837799549103,0.08366253972053528,0.08366253972053528,0.22741837799549103
2021-07-26,0.20663730800151825,0.07601761072874069,0.07601761072874069,0.07601761072874069,0.20663730800151825,0.07601761072874069,0.07601761072874069,0.20663730800151825
2021-07-27,0.20663730800151825,0.07601761072874069,0.07601761072874069,0.07601761072874069,0.20663730800151825,0.07601761072874069,0.07601761072874069,0.20663730800151825
2021-07-28,0.20663730800151825,0.07601761072874069,0.07601761072874069,0.07601761072874069,0.20663730800151825,0.07601761072874069,0.07601761072874069,0.20663730800151825
2021-07-29,0.20663730800151825,0.07601761072874069,0.07601761072874069,0.07601761072874069,0.20663730800151825,0.07601761072874069,0.07601761072874069,0.20663730800151825
2021-07-30,0.20663730800151825,0.07601761072874069,0.07601761072874069,0.07601761072874069,0.20663730800151825,0.07601761072874069,0.07601761072874069,0.20663730800151825
2021-08-02,0.20663730800151825,0.07601761072874069,0.07601761072874069,0.07601761072874069,0.20663730800151825,0.07601761072874069,0.07601761072874069,0.20663730800151825
2021-08-03,0.20663730800151825,0.07601761072874069,0.07601761072874069,0.07601761072874069,0.20663730800151825,0.07601761072874069,0.07601761072874069,0.20663730800151825
2021-08-04,0.20663730800151825,0.07601761072874069,0.07601761072874069,0.07601761072874069,0.20663730800151825,0.07601761072874069,0.07601761072874069,0.20663730800151825
2021-08-05,0.08743885159492493,0.08743885159492493,0.08743885159492493,0.08743885159492493,0.2376834601163864,0.08743885159492493,0.08743885159492493,0.2376834601163864
2021-08-06,0.20663730800151825,0.07601761072874069,0.07601761072874069,0.07601761072874069,0.20663730800151825,0.07601761072874069,0.07601761072874069,0.20663730800151825
2021-08-09,0.20663730800151825,0.07601761072874069,0.07601761072874069,0.07601761072874069,0.20663730800151825,0.07601761072874069,0.07601761072874069,0.20663730800151825
2021-08-10,0.16383671760559082,0.060272153466939926,0.16383671760559082,0.060272153466939926,0.16383671760559082,0.16383671760559082,0.060272153466939926,0.16383671760559082
2021-08-11,0.16383671760559082,0.060272153466939926,0.16383671760559082,0.060272153466939926,0.16383671760559082,0.16383671760559082,0.060272153466939926,0.16383671760559082
2021-08-12,0.16383671760559082,0.060272153466939926,0.16383671760559082,0.060272153466939926,0.16383671760559082,0.16383671760559082,0.060272153466939926,0.16383671760559082
2021-08-13,0.16283667087554932,0.05990425869822502,0.16283667087554932,0.05990425869822502,0.16283667087554932,0.16283667087554932,0.06600812077522278,0.16283667087554932
2021-08-16,0.16383671760559082,0.060272153466939926,0.16383671760559082,0.060272153466939926,0.16383671760559082,0.16383671760559082,0.060272153466939926,0.16383671760559082
2021-08-17,0.15919402241706848,0.0585642009973526,0.15919402241706848,0.0585642009973526,0.15919402241706848,0.15919402241706848,0.08690156042575836,0.15919402241706848
2021-08-18,0.1806260049343109,0.06644859164953232,0.1806260049343109,0.06644859164953232,0.1806260049343109,0.078150175511837,0.06644859164953232,0.1806260049343109
2021-08-19,0.18276464939117432,0.06723535060882568,0.18276464939117432,0.06723535060882568,0.18276464939117432,0.06723535060882568,0.06723535060882568,0.18276464939117432
2021-08-20,0.21409551799297333,0.08793830126523972,0.08793830126523972,0.10717195272445679,0.08793830126523972,0.08793830126523972,0.08793830126523972,0.23904109001159668
2021-08-23,0.18276464939117432,0.06723535060882568,0.18276464939117432,0.06723535060882568,0.06723535060882568,0.18276464939117432,0.06723535060882568,0.18276464939117432
2021-08-24,0.18276464939117432,0.06723535060882568,0.18276464939117432,0.06723535060882568,0.18276464939117432,0.06723535060882568,0.06723535060882568,0.18276464939117432
2021-08-25,0.18276464939117432,0.06723535060882568,0.18276464939117432,0.06723535060882568,0.18276464939117432,0.06723535060882568,0.06723535060882568,0.18276464939117432
2021-08-26,0.17767471075057983,0.06536287069320679,0.17767471075057983,0.06536287069320679,0.17767471075057983,0.09321249276399612,0.06536287069320679,0.17767471075057983
2021-08-27,0.20663730800151825,0.07601761072874069,0.07601761072874069,0.07601761072874069,0.20663730800151825,0.07601761072874069,0.07601761072874069,0.20663730800151825
2021-08-30,0.20663730800151825,0.07601761072874069,0.07601761072874069,0.07601761072874069,0.20663730800151825,0.07601761072874069,0.07601761072874069,0.20663730800151825
2021-08-31,0.18276464939117432,0.06723535060882568,0.18276464939117432,0.06723535060882568,0.18276464939117432,0.06723535060882568,0.06723535060882568,0.18276464939117432
